{
  "target_platform": "bus",
  "conditions": {
    "EXT": {
      "iou_vis_gt2": 0.17802572293382599,
      "iou_vis_all": 0.16646019575674376
    },
    "IMG": {
      "iou_vis_gt2": 0.09886856413857509,
      "iou_vis_all": 0.08295005979986474
    },
    "CAL": {
      "iou_vis_gt2": 0.09712125043865215,
      "iou_vis_all": 0.08882251895832458
    }
  }
}