{
  "target_platform": "bus",
  "oracle_iou": 0.5138,
  "CTS_IMG_primary": 0.1478171415395188,
  "conditions": {
    "NORMAL": {
      "iou_vis_gt2": 0.3395604688891048,
      "iou_vis_all": 0.29416471906815844,
      "cts_vis_gt2": 0.6608806323260116
    },
    "EXT": {
      "iou_vis_gt2": 0.10911560601286402,
      "iou_vis_all": 0.09165325862767103,
      "cts_vis_gt2": 0.21236980539677697
    },
    "IMG": {
      "iou_vis_gt2": 0.07594844732300476,
      "iou_vis_all": 0.06891801435984313,
      "cts_vis_gt2": 0.1478171415395188
    },
    "CAL": {
      "iou_vis_gt2": 0.2247889641796234,
      "iou_vis_all": 0.19683528825761318,
      "cts_vis_gt2": 0.4375028497073246
    }
  }
}