{
  "target_platform": "suv",
  "oracle_iou": 0.4541,
  "CTS_IMG_primary": 0.2671032136601306,
  "conditions": {
    "NORMAL": {
      "iou_vis_gt2": 0.3954602257098425,
      "iou_vis_all": 0.3031077738530356,
      "cts_vis_gt2": 0.8708659451879377
    },
    "EXT": {
      "iou_vis_gt2": 0.3952829751964093,
      "iou_vis_all": 0.3031283962403452,
      "cts_vis_gt2": 0.8704756115314013
    },
    "IMG": {
      "iou_vis_gt2": 0.12129156932306533,
      "iou_vis_all": 0.09799397376777494,
      "cts_vis_gt2": 0.2671032136601306
    },
    "CAL": {
      "iou_vis_gt2": 0.12287885179565478,
      "iou_vis_all": 0.09926148569531902,
      "cts_vis_gt2": 0.2705986606378656
    }
  }
}