{
  "target_platform": "suv",
  "conditions": {
    "EXT": {
      "iou_vis_gt2": 0.40854534182186625,
      "iou_vis_all": 0.3153489252834702
    },
    "IMG": {
      "iou_vis_gt2": 0.18576214467745938,
      "iou_vis_all": 0.15126479329609335
    },
    "CAL": {
      "iou_vis_gt2": 0.20906401495363788,
      "iou_vis_all": 0.1692638069389147
    }
  }
}