{
  "target_platform": "suv",
  "oracle_iou": 0.4755,
  "CTS_IMG_primary": 0.4872418329075851,
  "conditions": {
    "NORMAL": {
      "iou_vis_gt2": 0.4026445540627406,
      "iou_vis_all": 0.3044076748040564,
      "cts_vis_gt2": 0.8467813965567625
    },
    "EXT": {
      "iou_vis_gt2": 0.394191617207864,
      "iou_vis_all": 0.2986404111935272,
      "cts_vis_gt2": 0.829004452592774
    },
    "IMG": {
      "iou_vis_gt2": 0.2316834915475567,
      "iou_vis_all": 0.17966577516939405,
      "cts_vis_gt2": 0.4872418329075851
    },
    "CAL": {
      "iou_vis_gt2": 0.23371605644906396,
      "iou_vis_all": 0.18087040296175882,
      "cts_vis_gt2": 0.4915164173481892
    }
  }
}