{
  "target_platform": "suv",
  "conditions": {
    "EXT": {
      "iou_vis_gt2": 0.19230741990658265,
      "iou_vis_all": 0.1443569678007465
    },
    "IMG": {
      "iou_vis_gt2": 0.192911153401172,
      "iou_vis_all": 0.15476372157594429
    },
    "CAL": {
      "iou_vis_gt2": 0.13314092815074405,
      "iou_vis_all": 0.10222238810789816
    }
  }
}