{
  "target_platform": "suv",
  "conditions": {
    "EXT": {
      "iou_vis_gt2": 0.4239533724132204,
      "iou_vis_all": 0.3240391273672726
    },
    "IMG": {
      "iou_vis_gt2": 0.06299525319472066,
      "iou_vis_all": 0.05138228460687888
    },
    "CAL": {
      "iou_vis_gt2": 0.07406885062586288,
      "iou_vis_all": 0.06001103077486938
    }
  }
}