{
  "target_platform": "suv",
  "oracle_iou": 0.4371,
  "CTS_IMG_primary": 0.2525854148789768,
  "conditions": {
    "NORMAL": {
      "iou_vis_gt2": 0.3784606769849584,
      "iou_vis_all": 0.2941686459193551,
      "cts_vis_gt2": 0.8658446053190537
    },
    "EXT": {
      "iou_vis_gt2": 0.28963443053384025,
      "iou_vis_all": 0.23443026066205708,
      "cts_vis_gt2": 0.6626273862590717
    },
    "IMG": {
      "iou_vis_gt2": 0.11040508484360075,
      "iou_vis_all": 0.09169178152370921,
      "cts_vis_gt2": 0.2525854148789768
    },
    "CAL": {
      "iou_vis_gt2": 0.16303517476614446,
      "iou_vis_all": 0.13257121297591382,
      "cts_vis_gt2": 0.3729928500712525
    }
  }
}