{
  "target_platform": "suv",
  "conditions": {
    "EXT": {
      "iou_vis_gt2": 0.25276894068964023,
      "iou_vis_all": 0.2062831423491244
    },
    "IMG": {
      "iou_vis_gt2": 0.11094768049825904,
      "iou_vis_all": 0.09257188151107097
    },
    "CAL": {
      "iou_vis_gt2": 0.352051701551872,
      "iou_vis_all": 0.27382923423805877
    }
  }
}