{
  "target_platform": "bus",
  "oracle_iou": 0.5331,
  "CTS_IMG_primary": 0.1447934879098183,
  "conditions": {
    "NORMAL": {
      "iou_vis_gt2": 0.3544128694051735,
      "iou_vis_all": 0.3031023069905207,
      "cts_vis_gt2": 0.6648149866913778
    },
    "EXT": {
      "iou_vis_gt2": 0.340749051308384,
      "iou_vis_all": 0.29005693333405086,
      "cts_vis_gt2": 0.6391841142532058
    },
    "IMG": {
      "iou_vis_gt2": 0.07718940840472414,
      "iou_vis_all": 0.06420398545192052,
      "cts_vis_gt2": 0.1447934879098183
    },
    "CAL": {
      "iou_vis_gt2": 0.08341275129549726,
      "iou_vis_all": 0.06948827665330468,
      "cts_vis_gt2": 0.15646736315043566
    }
  }
}