{
  "target_platform": "bus",
  "conditions": {
    "EXT": {
      "iou_vis_gt2": 0.21963557680176551,
      "iou_vis_all": 0.1937976795565881
    },
    "IMG": {
      "iou_vis_gt2": 0.08180180304171353,
      "iou_vis_all": 0.07035205161263838
    },
    "CAL": {
      "iou_vis_gt2": 0.21269810866807898,
      "iou_vis_all": 0.18190272621002634
    }
  }
}