{
  "target_platform": "bus",
  "conditions": {
    "EXT": {
      "iou_vis_gt2": 0.01573188147281564,
      "iou_vis_all": 0.013274260276452387
    },
    "IMG": {
      "iou_vis_gt2": 0.08169186310001444,
      "iou_vis_all": 0.06852130047536935
    },
    "CAL": {
      "iou_vis_gt2": 0.008574964978078107,
      "iou_vis_all": 0.007597265988604098
    }
  }
}