{
  "target_platform": "bus",
  "conditions": {
    "EXT": {
      "iou_vis_gt2": 0.10510209495104329,
      "iou_vis_all": 0.09136817139485721
    },
    "IMG": {
      "iou_vis_gt2": 0.060306676387682764,
      "iou_vis_all": 0.05177019859028623
    },
    "CAL": {
      "iou_vis_gt2": 0.016762329931972783,
      "iou_vis_all": 0.015022701349960057
    }
  }
}