{
  "target_platform": "suv",
  "conditions": {
    "EXT": {
      "iou_vis_gt2": 0.3400746875168186,
      "iou_vis_all": 0.2796608737825123
    },
    "IMG": {
      "iou_vis_gt2": 0.12073743119840391,
      "iou_vis_all": 0.10502190981090626
    },
    "CAL": {
      "iou_vis_gt2": 0.11888045806573298,
      "iou_vis_all": 0.1037635507418139
    }
  }
}