{
  "target_platform": "bus",
  "conditions": {
    "EXT": {
      "iou_vis_gt2": 0.12052421983728225,
      "iou_vis_all": 0.10463330053632747
    },
    "IMG": {
      "iou_vis_gt2": 0.14815183575091606,
      "iou_vis_all": 0.12885984941525133
    },
    "CAL": {
      "iou_vis_gt2": 0.11491373829812192,
      "iou_vis_all": 0.09863292769567297
    }
  }
}