{
  "target_platform": "bus",
  "oracle_iou": 0.5503,
  "CTS_IMG_primary": 0.11985501114031309,
  "conditions": {
    "NORMAL": {
      "iou_vis_gt2": 0.3574127887904537,
      "iou_vis_all": 0.3043999267091177,
      "cts_vis_gt2": 0.6494871684362233
    },
    "EXT": {
      "iou_vis_gt2": 0.29283551179102424,
      "iou_vis_all": 0.24969408984435396,
      "cts_vis_gt2": 0.5321379461948469
    },
    "IMG": {
      "iou_vis_gt2": 0.0659562126305143,
      "iou_vis_all": 0.056828005305037795,
      "cts_vis_gt2": 0.11985501114031309
    },
    "CAL": {
      "iou_vis_gt2": 0.063643219253792,
      "iou_vis_all": 0.05409048245520279,
      "cts_vis_gt2": 0.1156518612643867
    }
  }
}