{
  "target_platform": "suv",
  "conditions": {
    "EXT": {
      "iou_vis_gt2": 0.3214918809776066,
      "iou_vis_all": 0.25581884208325845
    },
    "IMG": {
      "iou_vis_gt2": 0.15184503807333033,
      "iou_vis_all": 0.12767654115252464
    },
    "CAL": {
      "iou_vis_gt2": 0.1886746173662823,
      "iou_vis_all": 0.15112699108970568
    }
  }
}