{
  "target_platform": "bus",
  "conditions": {
    "EXT": {
      "iou_vis_gt2": 0.02647745624644368,
      "iou_vis_all": 0.02728046826285476
    },
    "IMG": {
      "iou_vis_gt2": 0.06457467631234204,
      "iou_vis_all": 0.05383035603257253
    },
    "CAL": {
      "iou_vis_gt2": 0.08634041862737621,
      "iou_vis_all": 0.08641117339509832
    }
  }
}